trial_id,original_accuracy,mean_accuracy,std_accuracy,all_seed_accuracies,learning_rate,warmup_ratio,rank,alpha,dropout,target_modules
9,0.8865,0.8893333333333334,0.0022484562605386647,"[0.888, 0.8875, 0.8925]",0.0002572531917782463,0.06,4,64,0.1,"['q_lin', 'v_lin', 'ffn.lin1', 'ffn.lin2']"
14,0.864,0.8676666666666667,0.003880148908940964,"[0.8675, 0.863, 0.8725]",0.0004728641714023987,0.0,4,32,0.0,"['q_lin', 'v_lin']"
10,0.8035,0.8033333333333333,0.004249182927993998,"[0.7975, 0.805, 0.8075]",0.00023765704945056263,0.1,4,16,0.05,"['q_lin', 'v_lin']"
3,0.6775,0.676,0.0008164965809277268,"[0.676, 0.675, 0.677]",5.482908296990823e-05,0.1,2,16,0.2,"['q_lin', 'v_lin', 'ffn.lin1', 'ffn.lin2']"
12,0.6735,0.6708333333333334,0.0006236095644623044,"[0.67, 0.6715, 0.671]",4.092083093978073e-05,0.1,16,96,0.1,"['q_lin', 'v_lin']"
